,id,lat,long,weight
0,1,4.900186579420189,52.37590109148702,1659.5593262682853
1,2,4.896985039203927,52.37454284605727,1051.0814456147132
2,3,4.895325338996583,52.37307425352955,1053.82771423044
3,4,4.897997499873136,52.37308326007037,580.1971363744717
4,5,4.899203457969048,52.37266764417453,1047.3083584969859
5,6,4.895622400281577,52.36927238216406,3704.3312294470584
6,7,4.895443445984954,52.37063435405033,344.58880088995227
7,8,4.8937200305097495,52.370852565673005,1226.5872003643499
8,9,4.900392956470548,52.379001982511035,1972.5650105671311
9,10,4.894931306110871,52.37811192096785,1108.680877984978
10,11,4.896179594666866,52.377208880472054,770.4824517981231
11,12,4.897698779241605,52.37675958657788,630.6732474589064
12,13,4.8938810432818505,52.37516025535575,1617.3478804751176
13,14,4.891716627103453,52.37564752566502,867.090203631453
14,15,4.889907022009686,52.37382454497037,285.99107699479356
15,16,4.892203786196197,52.37349795933635,544.8655576429433
16,17,4.889531151432784,52.3727710954045,253.69006966651796
17,18,4.889409477813515,52.37136865977316,474.1755533785488
18,19,4.891640011602204,52.37168909063877,969.456746335801
19,20,4.890918243780928,52.36977341143412,595.4891082668946
20,21,4.888723403142183,52.36938760032348,347.70787959345967
21,22,4.891309543017343,52.367925503241544,958.8899244010961
22,23,4.8835032873947055,52.36765773765242,521.2753582014429
23,24,4.885808127971711,52.36806965892388,358.2727915260434
24,25,4.8875674433052065,52.37058160942384,319.5472977360771
25,26,4.885860206027171,52.37056081857085,1097.2888852506373
26,27,4.883770908457183,52.370639487529466,634.6667370395189
27,28,4.883996137178196,52.373200670611396,269.5715957371483
28,29,4.885980375384384,52.3730016933384,207.776353083669
29,30,4.8879012996897195,52.372793158216695,198.83626659825072
30,31,4.888219650398926,52.3739836510305,254.20370234393098
31,32,4.886404676888992,52.37442476371995,249.96817163867482
32,33,4.8844238984352994,52.374922084953155,217.7144196283991
33,34,4.886120445259572,52.376779295527705,517.8598230762931
34,35,4.8878993947463165,52.376148633686,583.9103209091272
35,36,4.889632973330349,52.375642602460715,351.51309973176905
36,37,4.8918713917390475,52.377818730834775,733.2511288254467
37,38,4.889926655093841,52.37832170031004,673.4807303998134
38,39,4.888105707910218,52.37896405758007,740.284100828267
39,40,4.891317082702066,52.36668965079081,555.0679189816971
40,41,4.894596173803116,52.36656759128317,510.59558656975145
41,42,4.898003459093151,52.366197264096954,1537.6309543871782
42,43,4.8987862836763885,52.364583986617625,588.2099675798697
43,44,4.899193288229874,52.363045860453525,916.6954617156774
44,45,4.894048101349569,52.362716269648395,639.9232842556249
45,46,4.894273201457392,52.36426934524107,497.8744222442799
46,47,4.894418199758167,52.36542259959531,322.9864157204015
47,48,4.890948156905602,52.36600425549543,397.99569332195716
48,49,4.891268282099358,52.36467147865599,335.05576027825646
49,50,4.890371179610356,52.363213668359315,760.2843500169055
50,51,4.887116794759296,52.36444288455735,616.3374109438452
51,52,4.888633017429096,52.36559400158007,450.41046885384173
52,53,4.888050614894164,52.36759809141959,224.6929722212373
53,54,4.886551363180946,52.366781661192,303.396840453772
54,55,4.884666623701833,52.366008308431645,369.8206656118478
55,56,4.9039205515303035,52.36705387086296,805.0888158166179
56,57,4.901095906406254,52.36800563312507,1315.8982068015146
57,58,4.898597128058824,52.369348483921115,1155.614119283361
58,59,4.901262038648999,52.37185824483222,695.4615619255395
59,60,4.90287567059406,52.371243687003826,310.22489667617185
60,61,4.9041685410001685,52.37254414663737,298.9847430736375
61,62,4.902635576496654,52.375011815559,558.7245686019085
62,63,4.906160355818838,52.37422701416641,530.9288034051027
63,64,4.907744587747512,52.37688045516559,3475.49745317551
64,65,4.9117298423012254,52.373408687029425,138.2714527144255
65,66,4.90989018070166,52.371560234055565,709.9815659783638
66,67,4.90496956612428,52.37060463262221,695.9847712819553
67,68,4.9053631099377455,52.36967290275643,1316.7638725211434
68,69,4.907695173192532,52.36896479785118,1194.1182050691527
69,70,4.892042803246983,52.3803960494815,1757.9084118691403
70,71,4.894008670850022,52.38186625268855,1459.4743665683495
71,72,4.892926194613834,52.38536214543788,2120.9187504330353
72,73,4.8885328514211,52.387633980750884,368.4769799930138
73,74,4.884367808152816,52.38707459055827,232.96180777554306
74,75,4.889612728251905,52.38491974808864,600.9938442102406
75,76,4.8865360093308805,52.38572558450164,681.9598798794079
76,77,4.885770784613999,52.38405162327739,504.2613451112193
77,78,4.885014019497878,52.38315111287979,799.4150098741768
78,79,4.888868752664705,52.38237019736214,232.313110179257
79,80,4.88788510700413,52.38153993760919,462.99995651046504
80,81,4.882859588708156,52.38495241373471,264.4945299799858
81,82,4.8835464136452975,52.381988006159766,760.4916509262466
82,83,4.886219838011382,52.37975381936672,489.4851856453547
83,84,4.882139100890609,52.37896802448386,941.0617644365113
84,85,4.884018537623901,52.38063177727791,1277.9625363483392
85,86,4.880560821380977,52.38116088043405,764.3867258615381
86,87,4.877440176029738,52.376006765116195,521.5532391885488
87,88,4.880090707452242,52.3766490810894,958.3326470262855
88,89,4.883970643023593,52.37764431191941,1077.2070079237913
89,90,4.880727592398606,52.37528054623308,755.5535129446449
90,91,4.875737403676914,52.37295614401178,166.8489757180517
91,92,4.879851675121988,52.37384353419872,935.7978074557734
92,93,4.879757066990204,52.37216928284719,1205.6100992909344
93,94,4.875808090299399,52.37112531387375,158.63075318764234
94,95,4.876900379013467,52.3694321260584,12.02249656841649
95,96,4.8802114367894065,52.37038414211968,1289.7052260537725
96,97,4.880683380089545,52.368968425005896,590.2979159470823
97,98,4.881194854290989,52.367204470690744,583.5740861113062
98,99,4.878698729226095,52.3669137882282,993.9589255017574
99,100,4.882641968834398,52.36520791923119,468.9275442171902
100,101,4.880979100329895,52.36432322294971,300.25698676270554
101,102,4.883821431704474,52.362417173521706,1263.182920501937
102,103,4.88535949306789,52.36333831983369,1147.6647299188915
103,104,4.889568448348902,52.36146956998073,1111.4376704944493
104,105,4.88889102781295,52.359928440145794,589.0775918035486
105,106,4.893628255721824,52.35905593050425,977.8257898325259
106,107,4.893682539903097,52.360840711663585,1467.1790755791887
107,108,4.899583720615699,52.361554742841236,858.4392537692828
108,109,4.900144953274771,52.36037290379307,731.6868426000296
109,110,4.9002996708760005,52.359079480194865,1332.1731650270763
110,111,4.90607963235018,52.360221917300265,380.7518227763786
111,112,4.905694362328966,52.36134045537104,470.5798675163412
112,113,4.904987512257967,52.36253613998478,487.73586683721584
113,114,4.90419613065707,52.36399089820578,510.88462891354163
114,115,4.903404362647775,52.365465426007134,74.74067184488794
115,116,4.90645834222692,52.3659749318319,288.28228408171054
116,117,4.908513963991131,52.364721705508515,753.4034375527156
117,118,4.91020673356934,52.36353319807688,2732.726295958662
118,119,4.909333522912876,52.362109932792755,848.8096951359233
119,120,4.913496883610482,52.362925215559464,2080.7369338840927
120,121,4.9128966467635875,52.36176064515382,452.3357869275179
121,122,4.919323987852196,52.363475409537735,222.752739101146
122,123,4.914450720743985,52.364719106123154,1570.759377741513
123,124,4.909157351879997,52.36646833825036,331.79759306582235
124,125,4.910862373337849,52.36805599386849,772.9298137455164
125,126,4.916694631366211,52.36620273650646,87.986151044734
126,127,4.915591012702197,52.36927331750003,2420.6895481714405
127,128,4.921623673753939,52.36724375940206,637.0457603692478
128,129,4.92369966781627,52.365504872525726,856.9722074445797
129,130,4.930553304464242,52.36806833129758,780.7079058035257
130,131,4.929179967936028,52.369377209470976,1511.6806311452629
131,132,4.923801860399971,52.36911574274424,670.1847357403191
132,133,4.927811397481494,52.37156932510905,719.7922772669489
133,134,4.922426381436129,52.371851550314574,1178.6115181931896
134,135,4.919915773223191,52.372769699293855,858.5835454336191
135,136,4.916322792010426,52.374192626126195,386.8120907158916
136,142,4.865517238040568,52.406124337163156,651.3833911175839
137,143,4.857630383420963,52.400528507421775,105.87924292970274
138,144,4.865417806157233,52.3971418787241,132.61081591189287
139,145,4.869808270092185,52.396724983563615,827.6802191847728
140,146,4.877238652077105,52.39934364365726,2041.086727565554
141,147,4.851830468145522,52.39731780613442,3096.1740881847873
142,172,4.884538909829243,52.394859053046964,278.68321533496186
143,173,4.876875952060266,52.393295274371106,1615.830598852424
144,174,4.890315563738126,52.39162054271869,531.3642855708598
145,175,4.887933315084134,52.389331239962466,1800.437121383216
146,176,4.881870734495564,52.39005784033238,1403.0169436924411
147,177,4.882172762602528,52.38784534422082,516.2722512610991
148,178,4.8781449304750755,52.38896234702066,865.7208676242577
149,179,4.8757665707969835,52.39079441573668,717.0632179540761
150,180,4.872290893296911,52.392090636990304,1043.3121815797376
151,181,4.870466885770406,52.390380269788,0.0
152,182,4.873684085046405,52.3865913352552,208.92841162259526
153,183,4.868550620606408,52.38790815151047,4.313824841231016
154,184,4.8631671718703435,52.39059646012961,11.426450775421042
155,185,4.860338113258432,52.39377422377453,0.9032246197373951
156,186,4.879910059377724,52.38373725523017,867.4555962346194
157,187,4.8763811747367924,52.381809680371546,465.32252314602687
158,188,4.877454560502417,52.384773657183516,973.5612891127324
159,189,4.874385083782617,52.38276533317928,1207.6342103048044
160,190,4.8732600386094616,52.384636462964934,953.6995823608844
161,191,4.87059710902256,52.38264227483782,1582.8589336549405
162,192,4.870892920646911,52.37903781211307,1734.1307846858676
163,193,4.868730938008652,52.383902873905086,719.8271493056214
164,194,4.864337644555941,52.383794400640234,430.68189766846007
165,195,4.865353005370247,52.38033847273689,119.16560702799251
166,196,4.8666821621574465,52.376964046909805,52.39423125087217
167,197,4.8671031430523275,52.37453661252666,823.2710764899463
168,198,4.876705813036993,52.38007388013509,917.6422161618798
169,199,4.876084657557145,52.37728987743342,1009.4007102185682
170,200,4.873747412769657,52.37773782283407,589.0394211070771
171,201,4.871529604366063,52.376603381516965,213.0764176826153
172,202,4.87379399288823,52.37530070515574,810.3853908997972
173,203,4.872379001777009,52.37363107568898,1046.809765679634
174,204,4.869098066664659,52.37346527196344,308.39589203164627
175,205,4.8703322095131485,52.37086135946837,1170.910500496701
176,206,4.8735779996395046,52.37114387778538,724.8753442117838
177,207,4.874470967188434,52.36883116116977,1262.0366076962127
178,208,4.871554877574329,52.36809036130004,578.4450548028041
179,209,4.868436824035266,52.36737073894151,748.8484288337414
180,210,4.866324914387516,52.36936582972958,1455.6184097326156
181,211,4.863908382579786,52.366217440871374,1641.0359676416501
182,212,4.860813709724975,52.36327270009027,969.6186510501205
183,213,4.8656540148321055,52.364527001815524,1077.6408817995232
184,214,4.869724922285964,52.365546530557076,611.4378924454911
185,215,4.872737496099507,52.366373465041654,512.7220148158116
186,216,4.875594211775227,52.36719392279697,845.7372249520099
187,217,4.876508736789827,52.364801070682994,2436.0925812957726
188,218,4.872668160226138,52.363673109820006,1699.5017340646336
189,219,4.86925042478888,52.36274101906926,724.475042994549
190,220,4.8660597778013415,52.362069182191654,1148.6166126612152
191,221,4.86282466331475,52.36122802395667,1607.9788935240495
192,222,4.858573529153517,52.359904774656364,1958.6362722140766
193,223,4.859768553447191,52.35821066957521,1394.4821227938075
194,224,4.86960692145899,52.36061584980644,961.4179605441336
195,225,4.877838420655523,52.36223011652459,1299.3709156156485
196,226,4.854322194411254,52.38711089403669,747.9318867435409
197,227,4.8547324197905715,52.39051291302232,1091.9525504492492
198,228,4.853807086889012,52.393807799817594,638.8321109270908
199,229,4.847421795582368,52.39374959101325,1024.6553234459511
200,230,4.847582490306803,52.390534120152026,1219.4044182564915
201,231,4.859826722153675,52.38244166852086,367.13363784070714
202,232,4.857675336212561,52.384355553494345,584.259230060179
203,233,4.857662533772234,52.380753818947674,1073.591327203391
204,234,4.853899004378939,52.38280581155234,652.2457729935022
205,235,4.8511317865485175,52.38435667706097,792.3813578704788
206,236,4.847417836066977,52.3838689277942,554.9812416756882
207,237,4.847025657300352,52.382591797732175,285.5377800737847
208,238,4.845751815530253,52.38059370477739,178.95480400377204
209,239,4.845642750821317,52.378658214117664,425.73087329376307
210,240,4.849580774060676,52.37937460760608,575.0730554803081
211,241,4.848297615052185,52.380839552262316,466.2259652672453
212,242,4.851983833419861,52.380996622924144,624.1041402531299
213,243,4.85604137458147,52.37891648461072,402.1783667708897
214,244,4.860222375676698,52.37863873431051,925.0726986982033
215,245,4.861104317791356,52.37626387144224,1051.175382380018
216,246,4.856681363370729,52.375693730496444,439.748751259853
217,247,4.854611117478988,52.37756971102383,263.2236941511313
218,248,4.8536642618147665,52.37903407076393,351.2432401557452
219,249,4.851611733435064,52.37759084058529,408.91915579095297
220,250,4.848733832331692,52.37711363457382,1035.7952146426046
221,251,4.852054428718998,52.374865761702246,3.2010992080761236
222,252,4.847684563894073,52.37400471067026,1028.3406770189845
223,253,4.844360555291061,52.373611811893745,393.05064610242374
224,254,4.845159052571599,52.37641626907845,637.6858703549232
225,262,4.86475777784265,52.372732159187294,818.9161574285197
226,263,4.861349167711811,52.373047780009145,1782.348229211178
227,264,4.857588269488836,52.37288129110904,874.0981231216407
228,265,4.854581022873575,52.372414371208464,1080.6452791068348
229,266,4.851299428769573,52.37170836123628,1146.5537035832122
230,267,4.848560037505563,52.3712045672273,587.1549421976487
231,268,4.845098562055221,52.370843750264164,1440.8716104642276
232,269,4.850325245827467,52.36830874645809,813.8880731172567
233,270,4.851513618250189,52.36511850807637,891.1257636804716
234,271,4.854347744907085,52.36580153857512,1140.3101121791378
235,272,4.852846332052165,52.36906857711662,960.0401006752091
236,273,4.855656269660752,52.36967239455444,736.3481294865672
237,274,4.856736799592709,52.36621045753294,765.3056178876589
238,275,4.856024004370316,52.36301709855479,1039.5719574269644
239,276,4.851384595232495,52.3625941405359,487.1744750904707
240,277,4.851221926622482,52.359831899829075,941.4675183272948
241,278,4.855144780250668,52.36040910224169,998.3482552791169
242,279,4.85861183702886,52.366280357642076,563.7341000692123
243,280,4.858009517080258,52.369978017002644,806.9324013102126
244,281,4.8616066547282735,52.36990006943339,1465.684122606723
245,282,4.8606763334949825,52.36716133346084,807.8013767236387
246,452,4.844043745310803,52.366728077377054,609.3582882492187
247,453,4.847253474445132,52.368029586407616,1.1816236690055284
248,454,4.84819398949681,52.365314632788724,1.0704935097093846
249,455,4.847671438261391,52.36125357959806,0.0
250,456,4.844258359546884,52.36108264177734,621.5690343640382
251,462,4.845856617934516,52.35679046772815,720.419635356305
252,463,4.843650895495256,52.35395274484711,24.121245459853327
253,464,4.843817846968135,52.35023132247059,435.9766363075525
254,465,4.843381549984882,52.34724839755282,543.5561106373634
255,508,4.861278252756911,52.34159910756257,2267.1974023258254
256,509,4.861562663556326,52.3394897084691,0.0
257,511,4.866832838830512,52.34051930054822,943.159466706652
258,512,4.870832784741155,52.34047091444565,2198.1794736709107
259,515,4.875010677021882,52.340644170227485,2528.5175468635966
260,516,4.8810125468943335,52.340799582961274,1221.306517073182
261,518,4.88859851659338,52.33908759086183,350.42498681140836
262,519,4.888679504360916,52.342583497760145,423.5282180376332
263,539,4.888497143130278,52.35731390615992,2136.4282891475787
264,540,4.888617891596309,52.3538249403965,1695.8414918346364
265,541,4.892247317048293,52.354294442723784,1613.8962039240296
266,542,4.891679609241586,52.35703139543406,711.7313683147561
267,543,4.8950442346704905,52.357269064139864,1005.2551554637881
268,544,4.895927379889961,52.355062952656354,1134.3725211709777
269,545,4.899119227169653,52.356056494551254,925.7120591568831
270,546,4.9021969799401655,52.35769033879937,774.9928508154369
271,547,4.90319526017053,52.35618035785449,885.5875307718496
272,548,4.9043496042493455,52.35463690523446,958.4098805826343
273,549,4.905392030860406,52.35324553729678,683.4881425100424
274,550,4.900464539925579,52.352966106493625,1448.1535340135015
275,551,4.89687233461012,52.35281704483315,1217.4694169930813
276,552,4.892843700977159,52.351712458700845,1710.0510328780408
277,553,4.888933994942746,52.35154884382446,1732.6780782034093
278,554,4.889057283785761,52.34948744548336,1025.2617421534335
279,555,4.893405239008087,52.349365088918155,741.533842741171
280,556,4.896818879765247,52.34974686021548,1492.9000641318196
281,557,4.9011118801752565,52.350404876855826,1877.7684076876026
282,558,4.904946448109862,52.35078597317693,613.4526002876157
283,559,4.9079544607613395,52.35128896632299,956.7012620254627
284,560,4.8485572971719675,52.355945479831355,649.6650451227657
285,561,4.8522655270897594,52.35654344852774,835.503963137443
286,562,4.851661974081528,52.35308925077729,990.478780976247
287,563,4.8476327889667745,52.353243056996064,1784.1021972178837
288,564,4.847205734222493,52.349628116546754,1497.1546686308232
289,565,4.849347984992699,52.348485126532594,913.1438781770759
290,566,4.84589214184851,52.3445543723512,1138.1340105340985
291,567,4.844614202555782,52.34051785707068,1009.9908743126547
292,568,4.853349219969288,52.34772854314406,1233.8178521689772
293,569,4.854456829637199,52.35315632321702,1871.4467542342231
294,570,4.857173600996337,52.35347206223895,513.530929044336
295,571,4.861393063006134,52.35135787799517,2393.378645762514
296,572,4.867152791403661,52.35283926810342,1211.3228940746526
297,573,4.8649399628821675,52.35476724999652,525.9175766637197
298,574,4.860531094149826,52.353608897752736,696.6096337735062
299,575,4.86133416610563,52.35647919338016,21.1457439620388
300,576,4.871816091334843,52.35905145800865,15.403970381518446
301,577,4.871205680960946,52.35641508415966,960.8460318713403
302,578,4.876224559251322,52.35850154079834,907.434295283466
303,579,4.881124343680198,52.360115585505156,2068.11947287954
304,580,4.885315749837013,52.3599121009203,258.2078268635898
305,581,4.8816323095032645,52.35784930025305,300.50102239064347
306,582,4.884853464178796,52.35658813816406,2055.495773670656
307,583,4.882290409763198,52.354972205374224,1134.666696831785
308,584,4.8789794302406,52.354318849540924,1208.700182671759
309,585,4.877335194390898,52.35650242500659,1043.1175380873037
310,586,4.8724751559038415,52.354788409132894,1291.1563313182087
311,587,4.874462741008497,52.35301059588062,1241.2240735702605
312,588,4.879839482493331,52.35248027392046,1016.8264243035817
313,589,4.884687985835979,52.3533718570659,1102.1771374244759
314,590,4.8837081381795295,52.351160350020024,842.7505616161557
315,591,4.849916239315378,52.34060907479191,336.8256614261846
316,592,4.855201949808726,52.340432016616155,949.259457482515
317,593,4.855143596024888,52.343538472056245,618.6755418940033
318,594,4.854858045081495,52.34592081397296,1362.9188062648177
319,595,4.859155181873385,52.3491806157951,484.87705047834504
320,596,4.859440356495464,52.347032241739875,443.9870149056552
321,597,4.859195046715227,52.343759090405435,392.7354530681308
322,598,4.861789076792692,52.34423358334298,1053.0714273579383
323,599,4.864013668744056,52.34426701095137,371.33070855587
324,600,4.862271310436064,52.34657507536356,1409.335493216066
325,601,4.862864293115041,52.34919056909409,398.4064253650328
326,602,4.865777407043908,52.34819223339242,678.1511316656223
327,603,4.866016541821593,52.34493703720993,772.6848498644896
328,604,4.870052646458056,52.34543547886577,1116.3496888091718
329,605,4.870098238014687,52.347728133694325,804.7941171074534
330,606,4.869642907246214,52.34964489059815,576.4855971299061
331,607,4.872289603651231,52.35120966252854,928.7684852602689
332,608,4.875083714275396,52.34987461328612,948.0187079044288
333,609,4.874710523628365,52.347904357718335,1407.3280014001493
334,610,4.874691028960962,52.34568588701889,649.2208426263867
335,611,4.878605282608175,52.345927655089135,376.1479597297719
336,612,4.879544738906225,52.348648884208394,1843.9138819581794
337,613,4.8820627620382595,52.35005141492356,72.33525032211365
338,614,4.883152045302612,52.34787107012468,99.80031545806081
339,615,4.884273490413015,52.346240975777164,603.4024355212348
340,616,4.888362448655536,52.34577499762396,1401.804839142943
341,617,4.888637802725484,52.347792680045075,478.68287160262764
342,618,4.893155818012497,52.34756737828667,360.5153644827059
343,619,4.89287683452241,52.34559357349871,1479.6110753203748
344,620,4.8937568627558345,52.343273129358984,1138.634079519225
345,621,4.8975643148422,52.34519669046436,1249.1416548783063
346,622,4.901577613054515,52.34577280643681,300.0684131549354
347,623,4.903967623742883,52.34422182370591,984.2014688357358
348,624,4.89962240835816,52.34338958194889,634.9169532811816
349,625,4.895251242477333,52.34157425946743,591.0541260831503
350,626,4.897949725381136,52.33941482275206,1677.9377478694973
351,627,4.893840411108878,52.337537432633916,1943.491372569058
352,628,4.8978300986779155,52.34752142724168,416.58566342781603
353,629,4.902569186435513,52.34761331810885,691.25490850375
354,630,4.906191255031891,52.347890196071006,691.5708136562141
355,631,4.909747813383064,52.34829038779194,609.5233995169149
356,632,4.911051365695466,52.34540560138238,2299.740932327101
357,633,4.907135821005888,52.34485744352644,659.5993154026664
358,634,4.909951915235677,52.3424510268086,1426.8750867876204
359,635,4.904412028058003,52.341559433343164,1252.5322913975842
360,636,4.899756434556969,52.34170362385873,910.46076501722
361,637,4.9120014634550575,52.34093197981765,321.21489009561486
362,638,4.9050434560802785,52.33840845389913,1128.4092821270683
363,639,4.899938963209138,52.335184025601436,77.3671270743387
364,640,4.8666653108335165,52.3425320641782,1155.898856072584
365,641,4.870589249273109,52.34291530991714,382.224006202641
366,642,4.875650476993034,52.34316890763439,457.1843605425409
367,643,4.8817478465175315,52.34359224058644,11.12466427427402
368,693,4.912880163214036,52.35045311593935,911.5883746983648
369,694,4.913662621191052,52.35386438950195,857.8877680792033
370,695,4.910682690072886,52.35305057720416,578.7361170603457
371,696,4.909365267856323,52.35498389037301,1839.7888403587758
372,697,4.907654274421853,52.357814288450236,2467.0616664505123
373,698,4.910834027242662,52.35900636718579,4700.264031561065
374,699,4.913528103035277,52.3601520677534,1301.4559788718805
375,700,4.913876966127684,52.35780495647858,1887.1860172031238
376,701,4.9146978598598965,52.35663321439265,1208.267727123444
377,702,4.916588572986856,52.35560091023669,774.61333612296
378,703,4.920024375288468,52.357327393284535,1188.3691013642815
379,704,4.923839237843018,52.35837045743072,1089.3818627929168
380,705,4.920237172053673,52.3608775365714,1101.9972286821262
381,706,4.925071082852001,52.363621316129624,944.6772358628118
382,707,4.928105860087635,52.36424851727008,908.6121185787422
383,708,4.929662739689014,52.365587980582674,364.15023321533903
384,709,4.929546871918165,52.36214770883322,502.30158634193594
385,710,4.926368415876188,52.36136521044705,950.897307550388
386,711,4.9279009465149315,52.35970265343519,900.37198300849
387,712,4.9286830473332355,52.35820910979447,662.3201971113375
388,713,4.931684587532304,52.35966745325679,168.7770983964569
389,714,4.933180347591054,52.35765195329617,1151.6605752901828
390,715,4.928907463967131,52.35665145241572,541.6864573339592
391,716,4.925889253300347,52.355200248355665,567.9910190980169
392,717,4.925130165966555,52.356601340642676,678.7079814058225
393,718,4.921374254233664,52.35548831329113,559.1045540583332
394,719,4.92241995792155,52.353900858998024,811.0446730369837
395,720,4.919636491342984,52.35261464906443,432.80259423252
396,721,4.917638657390198,52.35394293596948,971.370198389053
397,722,4.915774139703669,52.35200895550615,379.09142977016967
398,723,4.91726252519192,52.35117308786397,271.4730200062205
399,724,4.935668038506879,52.35965241950727,1024.9119539107157
400,725,4.938762504513413,52.35996118918175,940.0795200850897
401,726,4.937756106089455,52.36262322765885,968.5089193565519
402,727,4.933725247666408,52.362401958891326,1332.3994121267904
403,728,4.934039156828086,52.36447189042172,1466.3304806869496
404,729,4.934788541709528,52.36589506669595,313.4911378903589
405,730,4.938143129971897,52.3653931792135,535.182075931812
406,731,4.943779205586986,52.36571731599729,1346.3467437516438
407,732,4.943601104144338,52.364082131585256,1216.293433072046
408,733,4.942178262568196,52.362735129754576,889.4696205288989
409,734,4.942894777372379,52.36127104969202,1196.6057349100722
410,735,4.943014862997399,52.35945024494208,722.4923242021766
411,736,4.953353135363647,52.361272161298764,31.219760214000022
412,737,4.952484225557729,52.3663875151085,277.3974329284341
413,738,4.941719053079794,52.36699154577065,475.96577181582586
414,739,4.951465726477088,52.36928194026271,775.9951053913434
415,740,4.94245484453095,52.368698690686315,960.0187655812659
416,741,4.936828681029988,52.36789427561335,365.8989657126778
417,742,4.93535263594295,52.369511579173185,995.1294684529374
418,743,4.946010106412844,52.371594154965216,1595.691225833554
419,744,4.944091036130919,52.37379478481961,1889.527096996127
420,745,4.935736443732547,52.3720662764354,1081.0302712183523
421,746,4.942589260332566,52.37714152806618,1620.1253107750258
422,747,4.928930441757363,52.378502684030884,1844.3609377454707
423,748,4.932814365712544,52.37414338302626,1758.421613199561
424,749,4.9253245776686,52.37570041105406,1138.691057233938
425,750,4.9162960833809874,52.37705552861437,2407.4366098996047
426,751,4.957780820261027,52.369676637533686,110.11747335795766
427,752,4.960746692286034,52.370664234356525,324.3781190776158
428,753,4.968015663288085,52.36834600316557,259.15524445119985
429,755,4.971409033696445,52.37032614101853,23.89860391398999
430,756,4.966693729806643,52.37330869271742,2316.6017769416694
431,757,4.958295427623881,52.37435422832664,2.9937755961253467
432,758,4.959611315927039,52.37737684454315,84.85682302685107
433,759,4.9647735933506745,52.36132590568818,42.525655371079736
434,803,4.920292166101443,52.349873481755566,3334.059123128987
435,804,4.914730128842792,52.34746174112201,2535.9841504570354
436,805,4.9217229159292515,52.34704433824568,1702.9486368698476
437,806,4.921818733890543,52.34449731357934,521.3986335620986
438,807,4.92519968738307,52.34200250403262,612.4720999684871
439,808,4.928348812067453,52.34375104976943,645.2093606605795
440,809,4.934105823910341,52.345579530269134,594.9058958636862
441,810,4.938039592280838,52.347814715413826,298.358654826327
442,811,4.934946478299055,52.34907582693371,338.73031756394977
443,812,4.931012210870747,52.34690202806834,581.0130490795377
444,813,4.929354958537153,52.35012372140642,129.66836615208067
445,814,4.924607666392518,52.35199810665755,478.3373799053847
446,815,4.927726158700917,52.35348993057794,758.051698503521
447,816,4.930502401452108,52.35504572586877,373.4936477513567
448,817,4.933845567147011,52.3563763659053,498.5222544048453
449,818,4.936189275420975,52.35558214822876,891.1794096116835
450,819,4.938402404128519,52.354447569895136,1333.2196457884158
451,820,4.933910220430822,52.352904665286545,1374.8619709184675
452,821,4.938371080519022,52.35142366292272,1040.4431086534155
453,822,4.942069902342134,52.3538783922955,631.1334338553921
454,823,4.945085677664166,52.352299027266994,1337.0486757772378
455,824,4.941064768620019,52.3498835601447,1324.1785302288458
456,825,4.9450235799917905,52.34729619561476,271.0611199403591
457,826,4.949682228163861,52.349938206527334,154.57141983570364
458,827,4.951100437211295,52.343632560829434,1002.2612428312708
459,828,4.955385300697786,52.346956001332536,11.047714924216068
460,829,4.9601008195014895,52.353137663484524,383.0255073625167
461,830,4.9565046189876005,52.355390160530725,1285.0760478902105
462,831,4.951102609164174,52.35684530150756,711.0945121734487
463,832,4.944843717821417,52.3560343514216,1227.64730255812
464,833,4.939014497483403,52.343678288586716,21.76507253739184
465,834,4.945743351015873,52.342468970136295,628.426847969514
466,835,4.948428764163244,52.33991262857026,588.2681898614752
467,836,4.942467918702057,52.33927216933845,658.0769017165758
468,837,4.933997429851054,52.33967004989347,127.2913336862807
469,838,4.937587342014802,52.33628161687551,235.91713097021113
470,839,4.931856814154705,52.33721321832313,617.6233229611066
471,840,4.927608622420955,52.338647240663335,250.03979550330274
472,841,4.924682520076956,52.33794423571938,211.25736842785403
473,842,4.922298060891276,52.341161137224354,577.1912902046696
474,843,4.916366992541889,52.34418351759465,2787.896365229692
475,844,4.918093349013258,52.34016626124277,2858.1710516100757
476,845,4.91602894347739,52.33742966156936,288.2488021752141
477,846,4.921988074974175,52.336261672576065,386.9657371485055
478,847,4.9191240922555375,52.33384444666305,1130.517618482076
479,848,4.9130057623979955,52.33484842946012,1575.7952678298875
480,849,4.90760656616653,52.33236141328775,125.94672008233614
481,851,4.914612365364586,52.39940582167967,817.6368558506512
482,852,4.918726456231197,52.39692221443286,435.3710312057961
483,853,4.911451492844758,52.397784675139505,200.83469378860298
484,854,4.914881619566754,52.39482209749841,315.77521397629994
485,855,4.914863852241265,52.39249587799499,451.60032227788014
486,856,4.918685995780086,52.39261089745235,21.298512974007416
487,857,4.9154027624064565,52.388821647037915,280.22254798136055
488,858,4.913568113931828,52.39043225393507,562.0472919668925
489,859,4.909753568282727,52.39202126442223,186.53093740948418
490,860,4.908172290574427,52.39023010279274,433.26001224920697
491,861,4.907784487182816,52.38794900752741,233.99683716965293
492,862,4.911563717253117,52.389439961083134,221.48324614005688
493,863,4.910349912111065,52.38778296478046,316.06121600167177
494,864,4.910854589221746,52.38641913897203,573.3998914240851
495,865,4.905876825586811,52.38385925602541,132.50377035613394
496,866,4.909535969236704,52.38234870295007,341.3333884808948
497,867,4.911713893284992,52.384601110739496,315.86116530234267
498,868,4.915050753099402,52.38444147480187,381.0971681751464
499,869,4.917201596507721,52.38355012256006,473.99669331227847
500,870,4.916402326646817,52.38192690891486,349.4262462643856
501,871,4.918009215431071,52.38722307737531,949.7154390366865
502,872,4.921966469557991,52.38706136495206,346.40515364343736
503,873,4.92198987624848,52.39272798740205,9.439597632950363
504,874,4.923327803196503,52.38914947508556,372.3441260849493
505,875,4.927021081836035,52.38750727350129,185.99604793555733
506,876,4.931434776667621,52.38898181409431,346.9123432113863
507,877,4.9362964348173985,52.39009887269557,143.39284671710269
508,878,4.940494238619576,52.393419128232544,255.17738115218205
509,879,4.938585120632975,52.392400553020984,168.96705940373184
510,880,4.944921382773099,52.39017049221304,249.9309860249155
511,881,4.944402327118665,52.392217142137746,272.9716990895069
512,882,4.948456101619355,52.39112858174867,230.4433495797085
513,883,4.950738123556179,52.38866933551522,92.53700813206586
514,884,4.947965928159187,52.38804530204108,173.6881037080296
515,885,4.92973762259861,52.39260520235585,718.0787650300035
516,886,4.9259883233073545,52.3935386283658,385.02622162981226
517,887,4.9431183690618985,52.38744239203695,3.8110099575330794
518,888,4.944438668988324,52.38861584912988,172.02983706464087
519,889,4.933744752185371,52.39166211953005,508.821457198782
520,890,4.923319130883304,52.39697442564418,139.6623281007684
521,891,4.918645432991618,52.40038036110315,84.03549784650689
522,892,4.899622520015206,52.40338535284476,163.32744471208784
523,893,4.894682377475854,52.40587798238815,515.9944569307479
524,894,4.901453628879057,52.407876856284496,612.4772701216787
525,895,4.903884827123449,52.406335875704464,293.52478768558973
526,896,4.9047384780543055,52.40879798719362,359.3366453535781
527,897,4.896753224014094,52.40731461628144,415.6503946372328
528,898,4.89674944179187,52.40966537212148,471.12341183285344
529,899,4.8976741963946395,52.41270357784604,347.9226352036886
530,900,4.892175409877954,52.41246541627041,522.6334991002395
531,901,4.889612677970145,52.40977909879754,201.77633023387583
532,902,4.885570386481945,52.41170700741902,282.2187636527823
533,903,4.888574852487435,52.413680501622935,519.6374235215856
534,904,4.883390094957973,52.41506955602187,359.7755558034667
535,905,4.881657788830116,52.41355002190477,254.77681942316252
536,906,4.877644390647359,52.41554173267369,149.76123249412026
537,907,4.879572692214857,52.417182233488404,432.6682939010615
538,908,4.873087629352128,52.4188461192622,147.52114739150554
539,910,4.876565203674928,52.42140544648346,192.77699108748087
540,911,4.87974092028375,52.423340801967186,4.996131106223499
541,912,4.883102204635754,52.419282747673456,521.2857126372446
542,913,4.885555766428725,52.41665060426303,231.67004613927006
543,914,4.8900036591803895,52.41754510176522,824.6548453846489
544,915,4.888397377640755,52.4202161903023,614.3607270201933
545,916,4.886433727112235,52.423300629749356,804.9812818040575
546,917,4.893617909986029,52.42354831814301,492.99271923711126
547,918,4.895830177188138,52.421026589867104,153.38701328722033
548,919,4.896587252227561,52.41876871374523,302.5470365196953
549,920,4.893999883726219,52.41839014554331,58.435186104333056
550,921,4.889366939252168,52.41641807666364,137.67955732049296
551,922,4.89965105227783,52.41684406307099,539.0033529446694
552,923,4.901618775925416,52.41892593968971,413.81356126190803
553,924,4.901238722169597,52.42213746391534,314.41627367867767
554,925,4.905525110318559,52.420971277267306,129.26315775979003
555,926,4.905075263040373,52.41846170296853,218.86448698868412
556,927,4.90443729419342,52.413643787101165,198.42118221512408
557,928,4.909316098539357,52.41102055940183,71.22670419651513
558,929,4.909904585732499,52.417038620150386,157.71112193556917
559,930,4.915093379218772,52.41470302706443,14.065867570392397
560,931,4.9441530177078485,52.3957218755059,83.97147085521851
561,932,4.947733420718183,52.394107742529094,628.6010242162206
562,933,4.951767665004482,52.39242445945491,407.5777884980412
563,934,4.955629943577065,52.389264338550305,673.5139404390095
564,935,4.96198722895111,52.39107890968159,977.6517591537523
565,937,4.9575186977589585,52.39446123001347,671.7397286206373
566,938,4.954367950883231,52.393613739486234,890.4978913479778
567,939,4.951468162643948,52.39600254660914,438.8974154347213
568,940,4.954189465326181,52.39758575925597,391.12986831491486
569,941,4.955881369189177,52.399124647454386,177.3216266469589
570,942,4.950822398273811,52.400078163882455,252.13020048833607
571,943,4.948343679369462,52.39712455323937,90.4389982713357
572,944,4.94451400487394,52.39845998310741,336.92088989165774
573,945,4.942113247878105,52.39900362200807,39.10252139391302
574,946,4.9417631215936595,52.39705648649253,244.32445773194976
575,947,4.937579861785675,52.39898110260315,1030.6934449568284
576,948,4.938979766874617,52.40204086173738,594.3461133521342
577,949,4.94180583656532,52.40107357658718,741.6587753854845
578,950,4.945179670838833,52.40053245150217,205.32402078323315
579,951,4.947334908388713,52.39979185722174,33.52396205969435
580,952,4.947745183282103,52.402540259976924,289.28555825411263
581,953,4.942846334257691,52.40478977639097,268.22371662102023
582,954,4.938801032371852,52.406004949517715,0.0
583,955,4.936266821771847,52.40318778360785,349.10164297145644
584,956,4.934052223728021,52.40047242196833,4.123160556390894
585,957,4.932544470070485,52.40109899205278,258.1314552545371
586,958,4.9312021102789565,52.399255137284854,313.07061238119604
587,959,4.929217326754386,52.39769103982928,240.0024116831566
588,960,4.9272329789020946,52.395797532716266,1063.3985588341066
589,961,4.932053575999586,52.39432785519186,471.37435941164426
590,962,4.933165894550338,52.39704649610557,520.0473048387071
591,963,4.937535420477305,52.39563594552469,767.8352353509863
592,964,4.925188125956041,52.412427506163674,791.8415636705757
593,965,4.919607778579789,52.413111245596255,773.2635806356525
594,966,4.9172023508943905,52.409956921258654,537.6266090111789
595,967,4.923561045902124,52.408245565944235,967.2189242784654
596,968,4.922345612456355,52.404772633654474,542.9429931966519
597,969,4.922566307425605,52.40295950080373,6.475435801745546
598,970,4.920841242779308,52.401214126356194,27.830728800987217
599,971,4.916418054089147,52.401820957206034,9.528302323283256
600,972,4.91861714708526,52.403443844918755,452.51512161346824
601,973,4.9185120224990495,52.40636610740618,572.6410442081742
602,974,4.915721310281397,52.40488921170242,438.31402182785854
603,975,4.913893103912329,52.4028812635413,173.94462983566814
604,976,4.910971876452686,52.403996910904816,457.60447457814274
605,977,4.913449878477503,52.406042180937355,510.98190021752174
606,978,4.915499158095802,52.40775756023427,453.69521357584506
607,979,4.911249348335042,52.40787844150054,521.8329259154672
608,980,4.9075347840748105,52.404785109572806,315.5429204761419
609,981,4.906953064387492,52.40284657883467,130.82814517563693
610,982,4.912567380817151,52.401401059076214,160.64839225988385
611,983,4.903151568901422,52.401786621598795,121.1097055843258
612,984,4.907253799593702,52.399853201485975,227.89270537457355
613,985,4.908490640248458,52.39538945828308,1093.8755786277434
614,986,4.9053960060723885,52.39356746337079,240.61658603199174
615,987,4.903835553921024,52.39099091926846,1057.424528802416
616,988,4.904937346424471,52.387448071221115,0.0
617,989,4.905523559873377,52.385631383369365,616.8629142303955
618,990,4.902407304427839,52.384579841263346,790.1799609696088
619,991,4.901551092362282,52.38661972844652,645.003257105009
620,992,4.9005939410880215,52.38902781012136,471.88453725980594
621,993,4.899261183465405,52.39210630269716,193.80830979418994
622,994,4.899658382241888,52.395102837858914,103.73431189798121
623,995,4.901532094888752,52.398351434860835,304.14233525097535
624,996,4.896674137374732,52.40172958570388,115.8571695209533
625,997,4.893958695716731,52.39981347200192,500.82299794668256
626,998,4.890743575062782,52.403958167519406,2107.8901082912394
627,999,4.886584458544352,52.40724831486286,767.0736756516347
628,1000,4.881660409598479,52.40902538985808,286.68206916445337
629,1001,4.8785687421451485,52.41097459623063,144.8493365643963
630,1002,4.874448520464986,52.41298356292876,504.6633254191476
631,1003,4.869215021532669,52.41501044687463,364.12931348245115
632,1004,4.92297141481528,52.38322690599818,376.314250109037
633,1005,4.921678243131366,52.38490608787119,424.19183175895154
634,1006,4.927513886979943,52.385047457635444,556.406296934236
635,1007,4.930190859147185,52.38619473018285,184.70042524431958
636,1008,4.937384312367546,52.38533505507169,173.67157872157446
637,1009,4.948334363572165,52.384906364681804,113.06367731441084
638,1010,4.957681517488765,52.3844579725959,36.61907207023742
639,1011,4.958556848698965,52.386629075502526,76.5507002504174
640,1012,4.9644155826294245,52.38413581456073,313.9099750028641
641,1013,4.968484314221645,52.38453828197655,0.0
642,1014,4.9699716562169,52.38106417315342,78.63287667419188
643,1032,4.964618746039135,52.38773686673045,12.273512138583882
644,1033,4.92466805576448,52.397271305629936,108.45328629601588
645,1034,4.925662302054222,52.400244376406135,205.79156612848058
646,1035,4.928436290313133,52.39927457322769,0.0
647,1036,4.931071222060748,52.40188355383656,960.7822751440042
648,1037,4.9290600580704975,52.402285121667745,16.619160039171565
649,1038,4.926338355516426,52.40333236838723,0.0
650,1039,4.928763091148125,52.40747533198446,387.2938930423941
651,1040,4.932369685285209,52.4063467846237,883.2682667403362
652,1041,4.934318776777518,52.40496193513253,52.91247793547593
653,936,4.960502609236507,52.39523648872171,555.7192738160755
